{"cameraMode":{"drawMode":0,"name":"Shaded","section":"Shading Mode"},"sceneLighting":true,"audioPlay":false,"sceneViewState":{"m_AlwaysRefresh":false,"showFog":true,"showSkybox":true,"showFlares":true,"showImageEffects":true,"showParticleSystems":true,"showVisualEffectGraphs":true,"m_FxEnabled":true},"in2DMode":false,"pivot":{"x":-0.020984530448913575,"y":-0.16005802154541017,"z":3.0517005920410158},"rotation":{"x":-0.02582431770861149,"y":0.9727081060409546,"z":-0.13370302319526673,"w":-0.18787424266338349},"size":1262.4033203125,"orthographic":false}