{"cameraMode":{"drawMode":0,"name":"Shaded","section":"Shading Mode"},"sceneLighting":false,"audioPlay":false,"sceneViewState":{"m_AlwaysRefresh":false,"showFog":true,"showSkybox":false,"showFlares":true,"showImageEffects":true,"showParticleSystems":true,"showVisualEffectGraphs":true,"m_FxEnabled":true},"in2DMode":false,"pivot":{"x":-0.01793372631072998,"y":0.8387161493301392,"z":2.014345169067383},"rotation":{"x":-0.02582431770861149,"y":0.9727081060409546,"z":-0.13370302319526673,"w":-0.18787424266338349},"size":1.1170680522918702,"orthographic":false}